"tagnum","line","SALK_Line","fruits.removed","alive.at.harvest","comments"
1,"066755c","SALK_066755C",0,0,
2,"066755c","SALK_066755C",3,1,
3,"066755c","SALK_066755C",0,1,
4,"066755c","SALK_066755C",0,0,
5,"066755c","SALK_066755C",0,1,
6,"066755c","SALK_066755C",0,1,
7,"066755c","SALK_066755C",0,1,
8,"066755c","SALK_066755C",0,0,
9,"066755c","SALK_066755C",0,1,
10,"038957c","SALK_038957C",0,0,
11,"038957c","SALK_038957C",3,1,
12,"038957c","SALK_038957C",0,0,
13,"038957c","SALK_038957C",0,0,
14,"108266c","SALK_108266C",0,0,
15,"108266c","SALK_108266C",0,1,
16,"108266c","SALK_108266C",0,1,
17,"108266c","SALK_108266C",0,1,
18,"108266c","SALK_108266C",0,1,
19,"108266c","SALK_108266C",0,1,
20,"108266c","SALK_108266C",0,1,
21,"108266c","SALK_108266C",0,0,
22,"108266c","SALK_108266C",0,0,
23,"108266c","SALK_108266C",3,1,
24,"108266c","SALK_108266C",0,1,
25,"108266c","SALK_108266C",0,0,
26,"109171c","SALK_109171C",0,1,
27,"109171c","SALK_109171C",3,1,
28,"109171c","SALK_109171C",0,1,
29,"109171c","SALK_109171C",0,1,
30,"109171c","SALK_109171C",0,0,
31,"109171c","SALK_109171C",0,1,
32,"109171c","SALK_109171C",0,1,
33,"109171c","SALK_109171C",0,1,
34,"109171c","SALK_109171C",0,1,
35,"109171c","SALK_109171C",0,1,
36,"109171c","SALK_109171C",0,1,
37,"104706c","SALK_104706C",0,1,
38,"104706c","SALK_104706C",0,1,
39,"104706c","SALK_104706C",0,1,
40,"104706c","SALK_104706C",0,1,
41,"104706c","SALK_104706C",3,1,
42,"104706c","SALK_104706C",0,1,
43,"104706c","SALK_104706C",0,1,
44,"104706c","SALK_104706C",0,1,
45,"104706c","SALK_104706C",0,1,
46,"104706c","SALK_104706C",0,1,
47,"104706c","SALK_104706C",0,1,
48,"104706c","SALK_104706C",0,0,
49,"104706c","SALK_104706C",0,1,
50,"038445c","SALK_038445C",0,1,
51,"038445c","SALK_038445C",0,1,
52,"038445c","SALK_038445C",0,0,
53,"038445c","SALK_038445C",3,1,
54,"038445c","SALK_038445C",0,0,
55,"038445c","SALK_038445C",0,0,
56,"038445c","SALK_038445C",0,1,
57,"038445c","SALK_038445C",0,1,
58,"038445c","SALK_038445C",0,0,
59,"038445c","SALK_038445C",0,1,
60,"038445c","SALK_038445C",0,1,
61,"108221c","SALK_108221C",0,1,
62,"108221c","SALK_108221C",0,0,
63,"108221c","SALK_108221C",3,1,
64,"108221c","SALK_108221C",0,1,
65,"108221c","SALK_108221C",0,0,
66,"108221c","SALK_108221C",0,1,
67,"108221c","SALK_108221C",0,0,
68,"074274c","SALK_074274C",0,1,
69,"074274c","SALK_074274C",0,1,
70,"074274c","SALK_074274C",0,1,
71,"074274c","SALK_074274C",0,1,
72,"074274c","SALK_074274C",0,1,
73,"074274c","SALK_074274C",0,0,
74,"074274c","SALK_074274C",0,1,
75,"074274c","SALK_074274C",0,1,
76,"074274c","SALK_074274C",0,1,
77,"074274c","SALK_074274C",3,1,
78,"017933c","SALK_017933C",0,0,
79,"017933c","SALK_017933C",0,1,
80,"017933c","SALK_017933C",0,1,
81,"017933c","SALK_017933C",0,1,
82,"017933c","SALK_017933C",0,1,
83,"017933c","SALK_017933C",3,1,
84,"017933c","SALK_017933C",0,1,
85,"017933c","SALK_017933C",0,1,
86,"cs60000","CS60000",0,1,
87,"cs60000","CS60000",0,1,
88,"cs60000","CS60000",0,1,
89,"cs60000","CS60000",0,1,
90,"cs60000","CS60000",0,1,
91,"cs60000","CS60000",0,1,
92,"cs60000","CS60000",0,1,
93,"cs60000","CS60000",3,1,
94,"cs60000","CS60000",0,1,
95,"cs60000","CS60000",0,1,
96,"cs60000","CS60000",0,1,
97,"cs60000","CS60000",0,1,
98,"cs60000","CS60000",0,1,
99,"006054c","SALK_006054C",0,1,
100,"006054c","SALK_006054C",0,1,
101,"006054c","SALK_006054C",0,0,
102,"006054c","SALK_006054C",0,0,
103,"006054c","SALK_006054C",0,1,
104,"006054c","SALK_006054C",0,1,
105,"006054c","SALK_006054C",3,1,
106,"006054c","SALK_006054C",0,1,
107,"006054c","SALK_006054C",0,0,
108,"023712c","SALK_023712C",0,1,
109,"023712c","SALK_023712C",3,1,
110,"023712c","SALK_023712C",0,1,
111,"023712c","SALK_023712C",0,0,
112,"023712c","SALK_023712C",0,0,
113,"023712c","SALK_023712C",0,1,
114,"023712c","SALK_023712C",0,1,
115,"023712c","SALK_023712C",0,0,
116,"023712c","SALK_023712C",0,1,
117,"023712c","SALK_023712C",0,1,
118,"023712c","SALK_023712C",0,1,
119,"023712c","SALK_023712C",0,1,
120,"021006c","SALK_021006C",0,1,
121,"021006c","SALK_021006C",0,1,
122,"021006c","SALK_021006C",0,1,
123,"021006c","SALK_021006C",0,1,
124,"021006c","SALK_021006C",0,1,
125,"021006c","SALK_021006C",0,1,
126,"021006c","SALK_021006C",0,1,
127,"021006c","SALK_021006C",0,1,
128,"021006c","SALK_021006C",0,1,
129,"021006c","SALK_021006C",0,0,
130,"021006c","SALK_021006C",0,1,
131,"127261c","SALK_127261C",0,0,
132,"127261c","SALK_127261C",0,0,
133,"127261c","SALK_127261C",0,0,
134,"127261c","SALK_127261C",3,1,
135,"127261c","SALK_127261C",0,1,
136,"127261c","SALK_127261C",0,1,
137,"127261c","SALK_127261C",0,1,
138,"127261c","SALK_127261C",0,1,
139,"059835c","SALK_059835C",0,1,
140,"059835c","SALK_059835C",0,1,
141,"059835c","SALK_059835C",0,1,
142,"059835c","SALK_059835C",0,1,
143,"059835c","SALK_059835C",0,1,
144,"059835c","SALK_059835C",0,1,
145,"059835c","SALK_059835C",0,1,
146,"059835c","SALK_059835C",0,1,
147,"059835c","SALK_059835C",0,1,
148,"059835c","SALK_059835C",0,1,
149,"059835c","SALK_059835C",0,1,
150,"059835c","SALK_059835C",3,1,
151,"054680c","SALK_054680C",0,1,
152,"054680c","SALK_054680C",0,1,
153,"054680c","SALK_054680C",0,1,
154,"054680c","SALK_054680C",0,1,
155,"054680c","SALK_054680C",0,1,
156,"054680c","SALK_054680C",0,1,
157,"054680c","SALK_054680C",0,1,
158,"054680c","SALK_054680C",0,1,
159,"054680c","SALK_054680C",0,1,
160,"054680c","SALK_054680C",0,1,
161,"054680c","SALK_054680C",0,1,
162,"054680c","SALK_054680C",0,1,
163,"054680c","SALK_054680C",3,1,
164,"094332c","SALK_094332C",3,1,
165,"094332c","SALK_094332C",0,1,
166,"094332c","SALK_094332C",0,1,
167,"094332c","SALK_094332C",0,1,
168,"094332c","SALK_094332C",0,1,
169,"094332c","SALK_094332C",0,1,
170,"094332c","SALK_094332C",0,1,
171,"094332c","SALK_094332C",0,1,
172,"094332c","SALK_094332C",0,1,
173,"094332c","SALK_094332C",0,1,
174,"094332c","SALK_094332C",0,1,
175,"094332c","SALK_094332C",0,1,
176,"094332c","SALK_094332C",0,1,
177,"094332c","SALK_094332C",0,1,
178,"129274c","SALK_129274C",0,1,
179,"129274c","SALK_129274C",0,1,
180,"129274c","SALK_129274C",0,1,
181,"129274c","SALK_129274C",0,1,
182,"129274c","SALK_129274C",0,1,
183,"129274c","SALK_129274C",0,1,
184,"129274c","SALK_129274C",0,1,
185,"129274c","SALK_129274C",0,1,
186,"129274c","SALK_129274C",3,1,
187,"063976c","SALK_063976C",0,1,
188,"063976c","SALK_063976C",0,1,
189,"063976c","SALK_063976C",0,1,
190,"063976c","SALK_063976C",0,1,
191,"063976c","SALK_063976C",0,1,
192,"063976c","SALK_063976C",0,1,
193,"063976c","SALK_063976C",0,1,
194,"063976c","SALK_063976C",0,1,
195,"063976c","SALK_063976C",3,1,
196,"063976c","SALK_063976C",0,1,
197,"148182c","SALK_148182C",3,1,
198,"148182c","SALK_148182C",0,1,
199,"148182c","SALK_148182C",0,1,
200,"148182c","SALK_148182C",0,1,
201,"004073c","SALK_004073C",0,0,
202,"004073c","SALK_004073C",0,1,
203,"004073c","SALK_004073C",0,1,
204,"004073c","SALK_004073C",0,1,
205,"004073c","SALK_004073C",0,1,
206,"004073c","SALK_004073C",0,1,
207,"004073c","SALK_004073C",0,1,
208,"004073c","SALK_004073C",3,1,
209,"004073c","SALK_004073C",0,1,
210,"004073c","SALK_004073C",0,1,
211,"004073c","SALK_004073C",0,1,
212,"004073c","SALK_004073C",0,0,
213,"018248c","SALK_018248C",0,1,
214,"018248c","SALK_018248C",0,1,
215,"018248c","SALK_018248C",0,1,
216,"018248c","SALK_018248C",0,1,
217,"018248c","SALK_018248C",3,1,
218,"018248c","SALK_018248C",0,1,
219,"018248c","SALK_018248C",0,1,
220,"018248c","SALK_018248C",0,1,
221,"018248c","SALK_018248C",0,1,
222,"018248c","SALK_018248C",0,1,
223,"001014c","SALK_001014C",0,1,
224,"001014c","SALK_001014C",0,1,
225,"001014c","SALK_001014C",0,0,
226,"001014c","SALK_001014C",0,1,
227,"001014c","SALK_001014C",0,1,
228,"001014c","SALK_001014C",0,1,
229,"001014c","SALK_001014C",0,1,
230,"001014c","SALK_001014C",0,1,
231,"001014c","SALK_001014C",0,1,
232,"001014c","SALK_001014C",0,0,
233,"001014c","SALK_001014C",0,1,
234,"002098c","SALK_002098C",3,1,
235,"002098c","SALK_002098C",0,1,
236,"002098c","SALK_002098C",0,1,
237,"002098c","SALK_002098C",0,1,
238,"002098c","SALK_002098C",0,1,
239,"002098c","SALK_002098C",0,0,
240,"104701c","SALK_104701C",0,1,
241,"104701c","SALK_104701C",0,1,
242,"104701c","SALK_104701C",0,1,
243,"104701c","SALK_104701C",0,1,
244,"104701c","SALK_104701C",0,1,
245,"104701c","SALK_104701C",0,1,
246,"104701c","SALK_104701C",0,1,
247,"104701c","SALK_104701C",4,1,
248,"104701c","SALK_104701C",0,0,
249,"104701c","SALK_104701C",0,0,
250,"000234c","SALK_000234C",0,1,
251,"000234c","SALK_000234C",0,1,
252,"000234c","SALK_000234C",0,1,
253,"000234c","SALK_000234C",0,1,
254,"000234c","SALK_000234C",0,1,
255,"000234c","SALK_000234C",0,1,
256,"000234c","SALK_000234C",0,1,
257,"000234c","SALK_000234C",0,1,
258,"000234c","SALK_000234C",5,1,
259,"000234c","SALK_000234C",0,1,
260,"000234c","SALK_000234C",0,1,
261,"004048c","SALK_004048C",0,1,
262,"004048c","SALK_004048C",0,0,
263,"004048c","SALK_004048C",0,1,
264,"004048c","SALK_004048C",0,1,
265,"004048c","SALK_004048C",0,1,
266,"004048c","SALK_004048C",0,1,
267,"004048c","SALK_004048C",0,1,
268,"004048c","SALK_004048C",0,1,
269,"004048c","SALK_004048C",3,1,
270,"004048c","SALK_004048C",0,1,
271,"004048c","SALK_004048C",0,0,
272,"004048c","SALK_004048C",0,1,
273,"004048c","SALK_004048C",0,0,
274,"115125c","SALK_115125C",0,1,
275,"115125c","SALK_115125C",0,1,
276,"115125c","SALK_115125C",0,1,
277,"115125c","SALK_115125C",0,1,
278,"115125c","SALK_115125C",0,1,
279,"115125c","SALK_115125C",0,1,
280,"115125c","SALK_115125C",0,1,
281,"115125c","SALK_115125C",0,1,
282,"115125c","SALK_115125C",4,1,
283,"115125c","SALK_115125C",0,1,
284,"115125c","SALK_115125C",0,1,
285,"115125c","SALK_115125C",0,0,
286,"115125c","SALK_115125C",0,1,
287,"115125c","SALK_115125C",0,1,
288,"121097c","SALK_121097C",0,1,
289,"121097c","SALK_121097C",0,1,
290,"121097c","SALK_121097C",0,1,
291,"121097c","SALK_121097C",0,1,
292,"121097c","SALK_121097C",0,1,
293,"121097c","SALK_121097C",0,1,
294,"121097c","SALK_121097C",0,1,
295,"121097c","SALK_121097C",3,1,
296,"121097c","SALK_121097C",0,0,
297,"008986c","SALK_008986C",0,1,
298,"008986c","SALK_008986C",0,1,
299,"008986c","SALK_008986C",0,1,
300,"008986c","SALK_008986C",0,1,
301,"008986c","SALK_008986C",0,1,
302,"008986c","SALK_008986C",0,1,
303,"008986c","SALK_008986C",3,1,
304,"008986c","SALK_008986C",0,1,
305,"008986c","SALK_008986C",0,1,
306,"008986c","SALK_008986C",0,1,
307,"008986c","SALK_008986C",0,1,
308,"008986c","SALK_008986C",0,1,
309,"057747c","SALK_057747C",0,1,
310,"057747c","SALK_057747C",0,1,
311,"057747c","SALK_057747C",0,1,
312,"057747c","SALK_057747C",0,1,
313,"057747c","SALK_057747C",0,0,
314,"057747c","SALK_057747C",3,1,
315,"057747c","SALK_057747C",0,0,
316,"057747c","SALK_057747C",0,0,
317,"008924c","SALK_008924C",0,1,
318,"008924c","SALK_008924C",0,1,
319,"008924c","SALK_008924C",3,1,
320,"008924c","SALK_008924C",0,0,
321,"008924c","SALK_008924C",0,1,
322,"008924c","SALK_008924C",0,1,
323,"008924c","SALK_008924C",0,1,
324,"008924c","SALK_008924C",0,0,
325,"008924c","SALK_008924C",0,1,
326,"008924c","SALK_008924C",0,1,
327,"008924c","SALK_008924C",0,1,
328,"150522c","SALK_150522C",0,1,
329,"150522c","SALK_150522C",3,1,
330,"015609c","SALK_015609C",0,1,
331,"015609c","SALK_015609C",0,1,
332,"015609c","SALK_015609C",3,1,
333,"015609c","SALK_015609C",0,1,
334,"015609c","SALK_015609C",0,1,
335,"015609c","SALK_015609C",0,1,
336,"015609c","SALK_015609C",0,1,
337,"149325c","SALK_149325C",0,1,
338,"149325c","SALK_149325C",0,1,
339,"149325c","SALK_149325C",0,1,
340,"149325c","SALK_149325C",0,1,
341,"149325c","SALK_149325C",0,1,
342,"149325c","SALK_149325C",0,1,
343,"149325c","SALK_149325C",0,1,
344,"149325c","SALK_149325C",0,1,
345,"149325c","SALK_149325C",0,1,
346,"149325c","SALK_149325C",0,1,
347,"149325c","SALK_149325C",3,1,
348,"149325c","SALK_149325C",0,1,
349,"145362c","SALK_145362C",0,1,
350,"145362c","SALK_145362C",3,1,
351,"145362c","SALK_145362C",0,1,
352,"145362c","SALK_145362C",0,1,
353,"145362c","SALK_145362C",0,1,
354,"145362c","SALK_145362C",0,1,
355,"145362c","SALK_145362C",0,0,
356,"145362c","SALK_145362C",0,1,
357,"030664c","SALK_030664C",0,1,
358,"030664c","SALK_030664C",0,1,
359,"030664c","SALK_030664C",0,1,
360,"030664c","SALK_030664C",0,0,
361,"030664c","SALK_030664C",3,1,
362,"008897c","SALK_008897C",3,1,
363,"008202c","SALK_008202C",0,1,
364,"008202c","SALK_008202C",0,1,
365,"008202c","SALK_008202C",0,0,
366,"008202c","SALK_008202C",0,1,
367,"008202c","SALK_008202C",3,0,
368,"008202c","SALK_008202C",0,1,
369,"008202c","SALK_008202C",0,1,
370,"102656c","SALK_102656C",0,1,
371,"102656c","SALK_102656C",0,1,
372,"102656c","SALK_102656C",0,1,
373,"102656c","SALK_102656C",0,1,
374,"102656c","SALK_102656C",0,1,
375,"102656c","SALK_102656C",3,1,
376,"102656c","SALK_102656C",0,1,
377,"102656c","SALK_102656C",0,1,
378,"119315c","SALK_119315C",0,1,
379,"119315c","SALK_119315C",0,1,
380,"119315c","SALK_119315C",0,1,
381,"119315c","SALK_119315C",0,1,
382,"119315c","SALK_119315C",0,1,
383,"119315c","SALK_119315C",0,1,
384,"119315c","SALK_119315C",0,1,
385,"119315c","SALK_119315C",0,1,
386,"119315c","SALK_119315C",0,1,
387,"119315c","SALK_119315C",0,1,
388,"119315c","SALK_119315C",0,1,
389,"119315c","SALK_119315C",0,0,
390,"119315c","SALK_119315C",3,1,
391,"119315c","SALK_119315C",0,1,
392,"119315c","SALK_119315C",0,1,
393,"119315c","SALK_119315C",0,1,
394,"cs60000","CS60000",0,1,
395,"cs60000","CS60000",0,0,
396,"cs60000","CS60000",0,0,
397,"cs60000","CS60000",0,1,
398,"cs60000","CS60000",0,1,
399,"cs60000","CS60000",0,1,
400,"cs60000","CS60000",3,1,
401,"cs60000","CS60000",0,1,
402,"cs60000","CS60000",0,0,
403,96122,"SALK_096122",3,1,
404,96122,"SALK_096122",3,1,
405,"097633c","SALK_097633C",0,1,
406,"097633c","SALK_097633C",0,1,
407,"097633c","SALK_097633C",0,1,
408,"097633c","SALK_097633C",0,1,
409,"097633c","SALK_097633C",0,1,
410,"097633c","SALK_097633C",0,1,
411,"097633c","SALK_097633C",0,1,
412,"097633c","SALK_097633C",0,1,
413,"097633c","SALK_097633C",0,1,
414,"097633c","SALK_097633C",0,1,
415,"097633c","SALK_097633C",3,1,
416,"097633c","SALK_097633C",0,1,
417,"095299c","SALK_095299C",0,1,
418,"095299c","SALK_095299C",0,1,
419,"095299c","SALK_095299C",0,1,
420,"095299c","SALK_095299C",0,1,
421,"095299c","SALK_095299C",0,1,
422,"095299c","SALK_095299C",3,1,
423,"095299c","SALK_095299C",0,1,
424,"095299c","SALK_095299C",0,1,
425,"025133c","SALK_025133C",0,1,
426,"025133c","SALK_025133C",0,1,
427,"025133c","SALK_025133C",0,1,
428,"025133c","SALK_025133C",0,1,
429,"025133c","SALK_025133C",3,1,
430,"025133c","SALK_025133C",0,1,
431,"025133c","SALK_025133C",0,1,
432,"124095c","SALK_124095C",3,1,
433,"124095c","SALK_124095C",0,1,
434,"124095c","SALK_124095C",0,1,
435,"124095c","SALK_124095C",0,1,
436,"124095c","SALK_124095C",0,1,
437,"120841c","SALK_120841C",0,1,
438,"120841c","SALK_120841C",0,1,
439,"120841c","SALK_120841C",0,1,
440,"120841c","SALK_120841C",0,1,
441,"120841c","SALK_120841C",0,1,
442,"120841c","SALK_120841C",0,1,
443,"120841c","SALK_120841C",0,1,
444,"120841c","SALK_120841C",3,1,
445,"086457c","SALK_086457C",0,1,
446,"086457c","SALK_086457C",0,1,
447,"086457c","SALK_086457C",0,1,
448,"086457c","SALK_086457C",0,1,
449,"086457c","SALK_086457C",0,0,
450,"086457c","SALK_086457C",0,1,
451,"086457c","SALK_086457C",0,1,
452,"086457c","SALK_086457C",0,1,
453,"086457c","SALK_086457C",0,1,
454,"086457c","SALK_086457C",3,1,
455,"086457c","SALK_086457C",0,1,
456,"086457c","SALK_086457C",0,1,
457,"086457c","SALK_086457C",0,1,
458,"084513c","SALK_084513C",0,1,
459,"084513c","SALK_084513C",3,1,
460,"084513c","SALK_084513C",0,0,
461,"011841c","SALK_011841C",0,1,
462,"011841c","SALK_011841C",0,1,
463,"011841c","SALK_011841C",0,1,
464,"011841c","SALK_011841C",0,1,
465,"011841c","SALK_011841C",0,1,
466,"011841c","SALK_011841C",0,1,
467,"011841c","SALK_011841C",0,1,
468,"011841c","SALK_011841C",3,1,
469,"011841c","SALK_011841C",0,1,
470,"011841c","SALK_011841C",0,1,
471,"011841c","SALK_011841C",0,1,
472,"027697c","SALK_027697C",0,1,
473,"027697c","SALK_027697C",0,1,
474,"027697c","SALK_027697C",0,1,
475,"027697c","SALK_027697C",0,1,
476,"027697c","SALK_027697C",0,1,
477,"027697c","SALK_027697C",3,1,
478,"027697c","SALK_027697C",0,1,
479,"027697c","SALK_027697C",0,0,
480,"027697c","SALK_027697C",0,1,
481,"cs60000","CS60000",0,1,
482,"cs60000","CS60000",0,1,
483,"cs60000","CS60000",0,1,
484,"cs60000","CS60000",0,1,
485,"cs60000","CS60000",0,1,
486,"cs60000","CS60000",0,1,
487,"cs60000","CS60000",0,1,
488,"cs60000","CS60000",0,0,
489,"cs60000","CS60000",0,1,
490,"cs60000","CS60000",0,1,
491,"cs60000","CS60000",0,0,
492,"cs60000","CS60000",0,1,
493,"cs60000","CS60000",0,1,
494,"cs60000","CS60000",0,1,
495,"058604c","SALK_058604C",0,1,
496,"058604c","SALK_058604C",0,1,
497,"058604c","SALK_058604C",3,1,
498,"058604c","SALK_058604C",0,1,
499,"058604c","SALK_058604C",0,1,
500,"058604c","SALK_058604C",0,1,
501,"058604c","SALK_058604C",0,1,
502,"058604c","SALK_058604C",0,1,
503,"058604c","SALK_058604C",0,1,
504,"058604c","SALK_058604C",0,1,
505,"058604c","SALK_058604C",0,1,
506,"016764c","SALK_016764C",0,1,
507,"016764c","SALK_016764C",0,1,
508,"016764c","SALK_016764C",0,1,
509,"016764c","SALK_016764C",0,0,
510,"016764c","SALK_016764C",0,0,
511,"016764c","SALK_016764C",0,1,
512,"016764c","SALK_016764C",0,1,
513,"016764c","SALK_016764C",0,1,
514,"016764c","SALK_016764C",0,0,
515,"016764c","SALK_016764C",0,1,
516,"016764c","SALK_016764C",0,0,
517,"016764c","SALK_016764C",0,1,
518,"016764c","SALK_016764C",0,1,
519,"094844c","SALK_094844C",0,1,
520,"094844c","SALK_094844C",0,1,
521,"094844c","SALK_094844C",0,1,
522,"094844c","SALK_094844C",0,1,
523,"094844c","SALK_094844C",0,1,
524,"094844c","SALK_094844C",0,1,
525,"094844c","SALK_094844C",0,1,
526,"094844c","SALK_094844C",3,1,
527,"094844c","SALK_094844C",0,1,
528,"094844c","SALK_094844C",0,1,
529,"094844c","SALK_094844C",0,1,
530,"144638c","SALK_144638C",0,1,
531,"144638c","SALK_144638C",0,1,
532,"144638c","SALK_144638C",0,1,
533,"144638c","SALK_144638C",0,1,
534,"144638c","SALK_144638C",0,1,
535,"144638c","SALK_144638C",0,1,
536,"144638c","SALK_144638C",0,1,
537,"144638c","SALK_144638C",0,1,
538,"144638c","SALK_144638C",0,1,
539,"144638c","SALK_144638C",0,1,
540,"006954c","SALK_006954C",0,1,
541,"006954c","SALK_006954C",3,1,
542,"006954c","SALK_006954C",0,1,
543,"006954c","SALK_006954C",0,1,
544,"006954c","SALK_006954C",0,1,
545,"006954c","SALK_006954C",0,1,
546,"006954c","SALK_006954C",0,1,
547,"006954c","SALK_006954C",0,1,
548,"006954c","SALK_006954C",0,1,
549,"006954c","SALK_006954C",0,1,
550,"006954c","SALK_006954C",0,1,
551,"006954c","SALK_006954C",0,1,
552,"069450c","SALK_069450C",0,1,
553,"069450c","SALK_069450C",0,1,
554,"069450c","SALK_069450C",0,1,
555,"069450c","SALK_069450C",3,1,
556,"069450c","SALK_069450C",0,1,
557,"069450c","SALK_069450C",0,1,
558,"069450c","SALK_069450C",0,1,
559,"069450c","SALK_069450C",0,1,
560,"069450c","SALK_069450C",0,1,
561,"069450c","SALK_069450C",0,1,
562,"069450c","SALK_069450C",0,1,
563,"087636c","SALK_087636C",3,1,
564,"087636c","SALK_087636C",0,1,
565,"087636c","SALK_087636C",0,0,
566,"087636c","SALK_087636C",0,1,
567,"087636c","SALK_087636C",0,1,
568,"087636c","SALK_087636C",0,1,
569,"087636c","SALK_087636C",0,1,
570,"087636c","SALK_087636C",0,1,
571,"087636c","SALK_087636C",0,1,
572,"027697c","SALK_027697C",0,1,
573,"027697c","SALK_027697C",0,1,
574,"031830c","SALK_031830C",0,1,
575,"031830c","SALK_031830C",0,1,
576,"031830c","SALK_031830C",0,1,
577,"031830c","SALK_031830C",0,1,
578,"031830c","SALK_031830C",4,1,
579,"031830c","SALK_031830C",0,1,
580,"031830c","SALK_031830C",0,1,
581,"031830c","SALK_031830C",0,1,
582,"031830c","SALK_031830C",0,1,
583,"031830c","SALK_031830C",0,0,
584,"031830c","SALK_031830C",0,1,
585,"031830c","SALK_031830C",0,1,
586,"138872c","SALK_138872C",3,1,
587,"138872c","SALK_138872C",0,1,
588,"138872c","SALK_138872C",0,1,
589,"138872c","SALK_138872C",0,1,
590,"138872c","SALK_138872C",0,1,
591,"138872c","SALK_138872C",0,1,
592,"138872c","SALK_138872C",0,1,
593,"138872c","SALK_138872C",0,1,
594,"024341-bulk-t4","SALK_024341-BULK-T4",3,1,
595,"024341-bulk-t4","SALK_024341-BULK-T4",3,1,
596,"024341-bulk-t4","SALK_024341-BULK-T4",3,1,
597,"024341-bulk-t4","SALK_024341-BULK-T4",3,1,
598,"024341-bulk-t4","SALK_024341-BULK-T4",3,1,
599,"024341-bulk-t4","SALK_024341-BULK-T4",3,1,
600,"024341-bulk-t4","SALK_024341-BULK-T4",3,1,
601,"148182c","SALK_148182C",0,1,
602,"148182c","SALK_148182C",0,1,
603,"148182c","SALK_148182C",0,1,
604,"148182c","SALK_148182C",0,1,
605,"148182c","SALK_148182C",0,0,
606,"148182c","SALK_148182C",0,1,
607,"148182c","SALK_148182C",0,1,
608,"148182c","SALK_148182C",0,0,
609,"148182c","SALK_148182C",0,1,
610,"148182c","SALK_148182C",0,0,
611,"125264c","SALK_125264C",0,1,
612,"125264c","SALK_125264C",0,1,
613,"125264c","SALK_125264C",0,1,
614,"125264c","SALK_125264C",3,1,
615,"125264c","SALK_125264C",0,1,
616,"125264c","SALK_125264C",0,1,
617,"125264c","SALK_125264C",0,1,
618,"125264c","SALK_125264C",0,1,
619,"150987c","SALK_150987C",0,1,
620,"150987c","SALK_150987C",0,1,
621,"150987c","SALK_150987C",0,1,
622,"150987c","SALK_150987C",0,1,
623,"150987c","SALK_150987C",0,1,
624,"150987c","SALK_150987C",0,1,
625,"150987c","SALK_150987C",0,1,
626,"150987c","SALK_150987C",0,0,
627,"150987c","SALK_150987C",3,1,
628,"150987c","SALK_150987C",0,1,
629,"150987c","SALK_150987C",0,1,
630,"150987c","SALK_150987C",0,0,
631,"150987c","SALK_150987C",0,1,
632,"150987c","SALK_150987C",0,1,
633,"067236-bulk-t4","SALK_067236-BULK-T4",4,1,
634,"067236-bulk-t4","SALK_067236-BULK-T4",4,1,
635,"067236-bulk-t4","SALK_067236-BULK-T4",3,1,
636,"067236-bulk-t4","SALK_067236-BULK-T4",3,1,
637,"067236-bulk-t4","SALK_067236-BULK-T4",0,1,
638,"067236-bulk-t4","SALK_067236-BULK-T4",0,1,
639,"067236-bulk-t4","SALK_067236-BULK-T4",0,1,
640,"067236-bulk-t4","SALK_067236-BULK-T4",3,1,
641,"067236-bulk-t4","SALK_067236-BULK-T4",0,1,
642,"067236-bulk-t4","SALK_067236-BULK-T4",0,1,
643,"067236-bulk-t4","SALK_067236-BULK-T4",3,1,
644,"067236-bulk-t4","SALK_067236-BULK-T4",3,1,
645,"067236-bulk-t4","SALK_067236-BULK-T4",0,1,
646,"067236-bulk-t4","SALK_067236-BULK-T4",3,1,
647,"067236-bulk-t4","SALK_067236-BULK-T4",0,1,
648,"067236-bulk-t4","SALK_067236-BULK-T4",3,1,
649,"067236-bulk-t4","SALK_067236-BULK-T4",3,1,
650,"067236-bulk-t4","SALK_067236-BULK-T4",3,1,
651,"067236-bulk-t4","SALK_067236-BULK-T4",3,1,
652,"067236-bulk-t4","SALK_067236-BULK-T4",3,1,
653,"067236-bulk-t4","SALK_067236-BULK-T4",4,1,
654,"067236-bulk-t4","SALK_067236-BULK-T4",0,1,
655,"067236-bulk-t4","SALK_067236-BULK-T4",0,1,
656,"067236-bulk-t4","SALK_067236-BULK-T4",3,1,
657,"087083c","SALK_087083C",0,1,"refound tag"
658,"087083c","SALK_087083C",0,1,
659,"087083c","SALK_087083C",3,1,
660,"087083c","SALK_087083C",0,1,
661,"087083c","SALK_087083C",0,1,
662,"087083c","SALK_087083C",0,1,
663,"087083c","SALK_087083C",0,1,
664,"087083c","SALK_087083C",0,1,
665,"087083c","SALK_087083C",0,1,
666,"087083c","SALK_087083C",0,0,
667,"087083c","SALK_087083C",0,1,
668,"087083c","SALK_087083C",0,0,
669,"cs60000","CS60000",0,1,
670,"cs60000","CS60000",0,1,
671,"cs60000","CS60000",0,1,
672,"cs60000","CS60000",0,1,
673,"cs60000","CS60000",0,1,
674,"cs60000","CS60000",0,1,
675,"cs60000","CS60000",0,1,
676,"cs60000","CS60000",0,1,
677,"cs60000","CS60000",0,1,
678,"cs60000","CS60000",0,1,
679,"cs60000","CS60000",0,1,
680,"140350c","SALK_140350C",3,1,
681,"140350c","SALK_140350C",0,1,
682,"140350c","SALK_140350C",0,1,
683,"140350c","SALK_140350C",0,1,
684,"140350c","SALK_140350C",0,1,
685,"140350c","SALK_140350C",0,0,
686,"140350c","SALK_140350C",0,0,
687,"140350c","SALK_140350C",0,0,
688,"140350c","SALK_140350C",0,1,
689,"140350c","SALK_140350C",0,1,
690,"140350c","SALK_140350C",0,0,
691,"036539c","SALK_036539C",0,1,
692,"036539c","SALK_036539C",0,1,
693,"036539c","SALK_036539C",0,1,
694,"036539c","SALK_036539C",0,1,
695,"036539c","SALK_036539C",0,1,
696,"036539c","SALK_036539C",0,1,
697,"036539c","SALK_036539C",0,1,
698,"036539c","SALK_036539C",0,1,
699,"036539c","SALK_036539C",3,1,
700,"036539c","SALK_036539C",0,1,
701,"036539c","SALK_036539C",0,1,
702,"036539c","SALK_036539C",0,1,
703,"142877c","SALK_142877C",0,1,
704,"142877c","SALK_142877C",0,1,
705,"142877c","SALK_142877C",3,1,
706,"142877c","SALK_142877C",0,1,
707,"142877c","SALK_142877C",0,1,
708,"142877c","SALK_142877C",0,1,
709,"142877c","SALK_142877C",0,0,
710,"142877c","SALK_142877C",0,1,
711,"011213c","SALK_011213C",3,1,"pot dropped, some plants could have been lost"
712,"011213c","SALK_011213C",0,1,
713,"011213c","SALK_011213C",0,1,
714,"011213c","SALK_011213C",0,1,
715,"011213c","SALK_011213C",0,1,
716,"011213c","SALK_011213C",0,1,
717,"011213c","SALK_011213C",0,1,
718,"011213c","SALK_011213C",0,1,
719,"011213c","SALK_011213C",0,1,
720,"016682c","SALK_016682C",0,1,
721,"016682c","SALK_016682C",0,1,
722,"016682c","SALK_016682C",0,1,
723,"016682c","SALK_016682C",0,1,
724,"016682c","SALK_016682C",0,1,
725,"016682c","SALK_016682C",0,1,
726,"016682c","SALK_016682C",3,1,
727,105941,"SALK_105941",3,1,
728,105941,"SALK_105941",0,1,
729,105941,"SALK_105941",3,1,
730,105941,"SALK_105941",3,1,
731,105941,"SALK_105941",3,1,
732,105941,"SALK_105941",3,1,
733,105941,"SALK_105941",3,1,
734,105941,"SALK_105941",3,1,
735,105941,"SALK_105941",3,1,
736,105941,"SALK_105941",4,1,
737,105941,"SALK_105941",3,1,
738,105941,"SALK_105941",3,1,
739,105941,"SALK_105941",3,1,
740,105941,"SALK_105941",3,1,
741,105941,"SALK_105941",3,1,
742,105941,"SALK_105941",4,1,
743,105941,"SALK_105941",0,1,
744,"097868c","SALK_097868C",3,1,
745,"122146c","SALK_122146C",3,1,
746,"031536c","SALK_031536C",0,1,
747,"031536c","SALK_031536C",0,1,
748,"031536c","SALK_031536C",0,1,
749,"031536c","SALK_031536C",0,1,
750,"031536c","SALK_031536C",3,1,
751,"031536c","SALK_031536C",0,1,
752,"031536c","SALK_031536C",0,1,
753,"031536c","SALK_031536C",0,1,
754,"033666c","SALK_033666C",0,1,
755,"033666c","SALK_033666C",0,0,
756,"033666c","SALK_033666C",3,1,
757,"033666c","SALK_033666C",0,1,
758,"033666c","SALK_033666C",0,1,
759,"033666c","SALK_033666C",0,0,
760,"033666c","SALK_033666C",0,0,
761,"033666c","SALK_033666C",0,1,
762,"033666c","SALK_033666C",0,1,
763,"033666c","SALK_033666C",0,1,
764,"033666c","SALK_033666C",0,1,
765,"cs60000","CS60000",0,1,
766,"cs60000","CS60000",0,1,
767,"cs60000","CS60000",0,1,
768,"cs60000","CS60000",0,1,
769,"cs60000","CS60000",0,1,
770,"cs60000","CS60000",0,1,
771,"cs60000","CS60000",3,1,
772,"cs60000","CS60000",0,1,
773,"cs60000","CS60000",0,1,
774,"cs60000","CS60000",0,0,
775,"cs60000","CS60000",0,1,
776,"cs60000","CS60000",0,1,
777,"cs60000","CS60000",0,1,
778,"113353c","SALK_113353C",0,1,
779,"113353c","SALK_113353C",0,1,
780,"113353c","SALK_113353C",0,1,
781,"113353c","SALK_113353C",0,1,
782,"113353c","SALK_113353C",0,1,
783,"113353c","SALK_113353C",3,1,
784,"113353c","SALK_113353C",0,1,
785,"113353c","SALK_113353C",0,1,
786,"113353c","SALK_113353C",0,1,
787,"113353c","SALK_113353C",0,1,
788,"113353c","SALK_113353C",0,1,
789,"113353c","SALK_113353C",0,1,
790,"113353c","SALK_113353C",0,1,
791,"113353c","SALK_113353C",0,1,
792,"113353c","SALK_113353C",0,1,
793,"113353c","SALK_113353C",0,1,
794,"113353c","SALK_113353C",0,1,
795,"113353c","SALK_113353C",0,1,
796,"113353c","SALK_113353C",0,1,
797,"127828c","SALK_127828C",3,1,
798,"127828c","SALK_127828C",0,1,
799,"127828c","SALK_127828C",0,1,
800,"127828c","SALK_127828C",0,1,
801,"024341-bulk-t4","SALK_024341-BULK-T4",0,1,
802,"024341-bulk-t4","SALK_024341-BULK-T4",0,1,
803,"024341-bulk-t4","SALK_024341-BULK-T4",0,1,
804,"024341-bulk-t4","SALK_024341-BULK-T4",4,1,
805,"024341-bulk-t4","SALK_024341-BULK-T4",3,1,
806,"024341-bulk-t4","SALK_024341-BULK-T4",0,1,
807,"024341-bulk-t4","SALK_024341-BULK-T4",0,1,
808,"024341-bulk-t4","SALK_024341-BULK-T4",0,1,
809,"024341-bulk-t4","SALK_024341-BULK-T4",3,1,
810,"024341-bulk-t4","SALK_024341-BULK-T4",3,1,
811,"024341-bulk-t4","SALK_024341-BULK-T4",0,1,
812,"024341-bulk-t4","SALK_024341-BULK-T4",3,1,
813,"024341-bulk-t4","SALK_024341-BULK-T4",3,1,
814,"024341-bulk-t4","SALK_024341-BULK-T4",3,1,
815,"024341-bulk-t4","SALK_024341-BULK-T4",0,1,
816,"024341-bulk-t4","SALK_024341-BULK-T4",0,1,
817,"cs60000","CS60000",0,1,
818,"cs60000","CS60000",0,1,
819,"cs60000","CS60000",0,1,
820,"cs60000","CS60000",0,0,
821,"cs60000","CS60000",0,1,
822,"cs60000","CS60000",0,1,
823,"cs60000","CS60000",0,1,
824,"cs60000","CS60000",0,0,
825,"cs60000","CS60000",0,1,
826,"cs60000","CS60000",0,1,
827,"cs60000","CS60000",0,1,
828,"cs60000","CS60000",0,1,
829,"cs60000","CS60000",0,1,
830,"cs60000","CS60000",0,1,
831,"cs60000","CS60000",0,1,
832,"134535c","SALK_134535C",4,1,
833,"134535c","SALK_134535C",0,1,
834,"134535c","SALK_134535C",0,1,
835,"134535c","SALK_134535C",0,1,
836,"134535c","SALK_134535C",0,1,
837,"134535c","SALK_134535C",0,1,
838,"033801-bulk-t4","SALK_033801-BULK-T4",0,1,
839,"033801-bulk-t4","SALK_033801-BULK-T4",0,1,
840,"033801-bulk-t4","SALK_033801-BULK-T4",3,1,
841,"033801-bulk-t4","SALK_033801-BULK-T4",0,1,
842,"033801-bulk-t4","SALK_033801-BULK-T4",3,1,
843,"033801-bulk-t4","SALK_033801-BULK-T4",0,1,
844,"033801-bulk-t4","SALK_033801-BULK-T4",3,1,
845,"033801-bulk-t4","SALK_033801-BULK-T4",3,1,
846,"033801-bulk-t4","SALK_033801-BULK-T4",3,1,
847,"033801-bulk-t4","SALK_033801-BULK-T4",3,1,
848,"033801-bulk-t4","SALK_033801-BULK-T4",3,1,
849,"033801-bulk-t4","SALK_033801-BULK-T4",3,1,
850,"033801-bulk-t4","SALK_033801-BULK-T4",3,1,
851,"033801-bulk-t4","SALK_033801-BULK-T4",3,1,
852,"033801-bulk-t4","SALK_033801-BULK-T4",3,1,
853,"033801-bulk-t4","SALK_033801-BULK-T4",0,1,
854,"033801-bulk-t4","SALK_033801-BULK-T4",3,1,
855,"033801-bulk-t4","SALK_033801-BULK-T4",3,1,
856,"033801-bulk-t4","SALK_033801-BULK-T4",3,1,
857,"033801-bulk-t4","SALK_033801-BULK-T4",2,1,
858,"033801-bulk-t4","SALK_033801-BULK-T4",3,1,
859,"033801-bulk-t4","SALK_033801-BULK-T4",3,1,
860,"033801-bulk-t4","SALK_033801-BULK-T4",4,1,
861,"135114c","SALK_135114C",0,1,
862,"135114c","SALK_135114C",0,1,
863,"135114c","SALK_135114C",0,1,
864,"135114c","SALK_135114C",0,1,
865,"135114c","SALK_135114C",0,1,
866,"135114c","SALK_135114C",0,1,
867,"135114c","SALK_135114C",0,1,
868,"135114c","SALK_135114C",0,1,
869,"135114c","SALK_135114C",0,0,
870,"135114c","SALK_135114C",0,0,
871,"135114c","SALK_135114C",0,1,
872,"135114c","SALK_135114C",0,1,
873,"023733c","SALK_023733C",0,1,
874,"023733c","SALK_023733C",0,1,
875,"023733c","SALK_023733C",0,1,
876,"023733c","SALK_023733C",0,0,
877,"023733c","SALK_023733C",0,1,
878,"023733c","SALK_023733C",3,1,
879,"019565c","SALK_019565C",0,1,
880,"019565c","SALK_019565C",0,1,
881,"019565c","SALK_019565C",0,1,
882,"019565c","SALK_019565C",0,1,
883,"019565c","SALK_019565C",0,1,
884,"019565c","SALK_019565C",0,1,
885,"019565c","SALK_019565C",0,1,
886,"019565c","SALK_019565C",0,1,
887,"019565c","SALK_019565C",3,1,
888,"NOT-USED","NOT-USED",,,
889,"NOT-USED","NOT-USED",,,
890,"NOT-USED","NOT-USED",,,
891,"NOT-USED","NOT-USED",,,
892,"NOT-USED","NOT-USED",,,
893,"NOT-USED","NOT-USED",,,
894,"NOT-USED","NOT-USED",,,
895,"NOT-USED","NOT-USED",,,
896,"NOT-USED","NOT-USED",,,
897,"NOT-USED","NOT-USED",,,
898,"NOT-USED","NOT-USED",,,
899,"NOT-USED","NOT-USED",,,
900,"NOT-USED","NOT-USED",,,
901,"NOT-USED","NOT-USED",,,
902,"NOT-USED","NOT-USED",,,
903,"NOT-USED","NOT-USED",,,
904,"NOT-USED","NOT-USED",,,
905,"NOT-USED","NOT-USED",,,
906,"NOT-USED","NOT-USED",,,
907,"NOT-USED","NOT-USED",,,
908,"NOT-USED","NOT-USED",,,
909,"NOT-USED","NOT-USED",,,
910,"NOT-USED","NOT-USED",,,
911,"NOT-USED","NOT-USED",,,
912,"NOT-USED","NOT-USED",,,
913,"NOT-USED","NOT-USED",,,
914,"NOT-USED","NOT-USED",,,
915,"NOT-USED","NOT-USED",,,
916,"NOT-USED","NOT-USED",,,
917,"NOT-USED","NOT-USED",,,
918,"NOT-USED","NOT-USED",,,
919,"NOT-USED","NOT-USED",,,
920,"NOT-USED","NOT-USED",,,
921,"NOT-USED","NOT-USED",,,
922,"NOT-USED","NOT-USED",,,
923,"NOT-USED","NOT-USED",,,
924,"NOT-USED","NOT-USED",,,
925,"NOT-USED","NOT-USED",,,
926,"NOT-USED","NOT-USED",,,
927,"NOT-USED","NOT-USED",,,
928,"149150c","SALK_149150C",0,1,
929,"149150c","SALK_149150C",0,1,
930,"149150c","SALK_149150C",0,1,
931,"149150c","SALK_149150C",3,1,
932,"149150c","SALK_149150C",0,1,
933,"149150c","SALK_149150C",0,1,
934,"149150c","SALK_149150C",0,1,
935,"149150c","SALK_149150C",0,1,
936,"149150c","SALK_149150C",0,1,
937,"149150c","SALK_149150C",0,1,
938,"149150c","SALK_149150C",0,1,
939,"149150c","SALK_149150C",0,1,
940,"043475c","SALK_043475C",0,1,
941,"043475c","SALK_043475C",0,1,
942,"043475c","SALK_043475C",0,1,
943,"043475c","SALK_043475C",0,1,
944,"043475c","SALK_043475C",0,1,
945,"043475c","SALK_043475C",0,1,
946,"043475c","SALK_043475C",0,1,
947,"043475c","SALK_043475C",0,1,
948,"043475c","SALK_043475C",0,1,
949,"043475c","SALK_043475C",0,1,
950,"043475c","SALK_043475C",0,1,
951,"043475c","SALK_043475C",0,1,
952,"126600c","SALK_126600C",3,1,
953,"126600c","SALK_126600C",0,1,
954,"126600c","SALK_126600C",0,1,
955,"126600c","SALK_126600C",0,1,
956,"126600c","SALK_126600C",0,1,
957,"126600c","SALK_126600C",0,1,
958,"126600c","SALK_126600C",0,1,
959,"126600c","SALK_126600C",0,1,
960,"126600c","SALK_126600C",0,0,
961,"126600c","SALK_126600C",0,0,
962,"126600c","SALK_126600C",0,1,
963,"126600c","SALK_126600C",0,1,
964,"NOT-USED","NOT-USED",,,
965,"NOT-USED","NOT-USED",,,
966,"NOT-USED","NOT-USED",,,
967,"NOT-USED","NOT-USED",,,
968,"NOT-USED","NOT-USED",,,
969,"NOT-USED","NOT-USED",,,
970,"NOT-USED","NOT-USED",,,
971,"NOT-USED","NOT-USED",,,
972,"NOT-USED","NOT-USED",,,
973,"NOT-USED","NOT-USED",,,
974,"NOT-USED","NOT-USED",,,
975,"NOT-USED","NOT-USED",,,
976,"NOT-USED","NOT-USED",,,
977,"NOT-USED","NOT-USED",,,
978,"NOT-USED","NOT-USED",,,
979,"NOT-USED","NOT-USED",,,
980,"NOT-USED","NOT-USED",,,
981,"NOT-USED","NOT-USED",,,
982,"NOT-USED","NOT-USED",,,
983,"NOT-USED","NOT-USED",,,
984,"NOT-USED","NOT-USED",,,
985,"NOT-USED","NOT-USED",,,
986,"043219c","SALK_043219C",0,1,
987,"043219c","SALK_043219C",0,1,
988,"043219c","SALK_043219C",0,1,
989,"043219c","SALK_043219C",0,1,
990,"043219c","SALK_043219C",0,1,
991,"043219c","SALK_043219C",0,1,
992,"043219c","SALK_043219C",0,1,
993,"043219c","SALK_043219C",0,1,
994,"043219c","SALK_043219C",0,1,
995,"043219c","SALK_043219C",0,1,
996,"043219c","SALK_043219C",3,1,
997,"043219c","SALK_043219C",0,1,
998,"043219c","SALK_043219C",0,1,
999,"043219c","SALK_043219C",0,1,
1000,"043219c","SALK_043219C",0,1,
1001,"043219c","SALK_043219C",0,1,
1002,"043219c","SALK_043219C",0,1,
1003,"043219c","SALK_043219C",0,1,
1004,"043219c","SALK_043219C",0,1,
1005,"043219c","SALK_043219C",0,1,
1006,"043219c","SALK_043219C",0,1,
1007,"133498c","SALK_133498C",0,1,
1008,"133498c","SALK_133498C",3,1,
1009,"133498c","SALK_133498C",0,1,
1010,"cs60000","CS60000",0,1,
1011,"cs60000","CS60000",0,1,
1012,"cs60000","CS60000",0,1,
1013,"cs60000","CS60000",0,1,
1014,"cs60000","CS60000",0,1,
1015,"cs60000","CS60000",0,1,
1016,"cs60000","CS60000",0,1,
1017,"cs60000","CS60000",0,1,
1018,"cs60000","CS60000",0,1,
1019,"cs60000","CS60000",0,1,
1020,"037779c","SALK_037779C",0,1,
1021,"037779c","SALK_037779C",0,1,
1022,"037779c","SALK_037779C",0,1,
1023,"037779c","SALK_037779C",0,1,
1024,"037779c","SALK_037779C",0,1,
1025,"037779c","SALK_037779C",0,1,
1026,"037779c","SALK_037779C",0,1,
1027,"cs60000","CS60000",0,1,
1028,"cs60000","CS60000",0,1,
1029,"cs60000","CS60000",0,1,
1030,"cs60000","CS60000",0,1,
1031,"cs60000","CS60000",0,1,
1032,"cs60000","CS60000",0,1,
1033,"cs60000","CS60000",0,1,
1034,"cs60000","CS60000",0,1,
1035,"cs60000","CS60000",0,1,
1036,"cs60000","CS60000",0,1,
1037,"cs60000","CS60000",0,1,
1038,"cs60000","CS60000",0,1,
1039,"cs60000","CS60000",0,1,
1040,"cs60000","CS60000",0,1,
1041,"013968c","SALK_013968C",0,0,
1042,"013968c","SALK_013968C",3,1,
1043,"013968c","SALK_013968C",0,1,
1044,"056385c","SALK_056385C",0,1,
1045,"056385c","SALK_056385C",3,1,
1046,"056385c","SALK_056385C",0,1,
1047,"056385c","SALK_056385C",0,1,
1048,"056385c","SALK_056385C",0,1,
1049,"056385c","SALK_056385C",0,1,
1050,"056385c","SALK_056385C",0,1,
1051,"107859c","SALK_107859C",0,1,
1052,"107859c","SALK_107859C",0,1,
1053,"107859c","SALK_107859C",0,1,
1054,"107859c","SALK_107859C",0,1,
1055,"107859c","SALK_107859C",0,1,
1056,"107859c","SALK_107859C",3,1,
1057,"107859c","SALK_107859C",0,1,
1058,"107859c","SALK_107859C",0,1,
1059,"107859c","SALK_107859C",0,1,
1060,"107859c","SALK_107859C",0,1,
1061,"091420c","SALK_091420C",0,1,
1062,"091420c","SALK_091420C",0,1,
1063,"091420c","SALK_091420C",3,1,
1064,"NOT-USED","NOT-USED",,,
1065,"NOT-USED","NOT-USED",,,
1066,"NOT-USED","NOT-USED",,,
1067,"NOT-USED","NOT-USED",,,
1068,"NOT-USED","NOT-USED",,,
1069,"NOT-USED","NOT-USED",,,
1070,"NOT-USED","NOT-USED",,,
1071,"NOT-USED","NOT-USED",,,
1072,"NOT-USED","NOT-USED",,,
1073,"NOT-USED","NOT-USED",,,
1074,"NOT-USED","NOT-USED",,,
1075,"NOT-USED","NOT-USED",,,
1076,"NOT-USED","NOT-USED",,,
1077,"NOT-USED","NOT-USED",,,
1078,"NOT-USED","NOT-USED",,,
1079,"NOT-USED","NOT-USED",,,
1080,"NOT-USED","NOT-USED",,,
1081,"NOT-USED","NOT-USED",,,
1082,"NOT-USED","NOT-USED",,,
1083,"NOT-USED","NOT-USED",,,
1084,"NOT-USED","NOT-USED",,,
1085,"NOT-USED","NOT-USED",,,
1086,"NOT-USED","NOT-USED",,,
1087,"NOT-USED","NOT-USED",,,
1088,"NOT-USED","NOT-USED",,,
1089,"NOT-USED","NOT-USED",,,
1090,"NOT-USED","NOT-USED",,,
1091,"NOT-USED","NOT-USED",,,
1092,"NOT-USED","NOT-USED",,,
1093,"NOT-USED","NOT-USED",,,
1094,"NOT-USED","NOT-USED",,,
1095,"NOT-USED","NOT-USED",,,
1096,"NOT-USED","NOT-USED",,,
1097,"NOT-USED","NOT-USED",,,
1098,"NOT-USED","NOT-USED",,,
1099,"NOT-USED","NOT-USED",,,
1100,"NOT-USED","NOT-USED",,,
1101,"NOT-USED","NOT-USED",,,
1102,"NOT-USED","NOT-USED",,,
1103,"NOT-USED","NOT-USED",,,
1104,"NOT-USED","NOT-USED",,,
1105,"062171c","SALK_062171C",3,1,
1106,"062171c","SALK_062171C",0,1,
1107,"062171c","SALK_062171C",0,1,
1108,"141554c","SALK_141554C",3,1,
1109,"141554c","SALK_141554C",0,1,
1110,"141554c","SALK_141554C",0,1,
1111,"141554c","SALK_141554C",0,1,
1112,"141554c","SALK_141554C",0,1,
1113,"141554c","SALK_141554C",0,1,
1114,"141554c","SALK_141554C",0,1,
1115,"141554c","SALK_141554C",0,0,
1116,"141554c","SALK_141554C",0,1,
1117,"098302c","SALK_098302C",3,1,
1118,"098302c","SALK_098302C",0,1,
1119,"098302c","SALK_098302C",0,0,
1120,"098302c","SALK_098302C",0,1,
1121,"098302c","SALK_098302C",0,1,
1122,"098302c","SALK_098302C",0,1,
1123,"098302c","SALK_098302C",0,1,
1124,"098302c","SALK_098302C",0,1,
1125,"098302c","SALK_098302C",0,1,
1126,"098302c","SALK_098302C",0,1,
1127,"098302c","SALK_098302C",0,1,
1128,"098302c","SALK_098302C",0,1,
1129,"134703c","SALK_134703C",0,1,
1130,"134703c","SALK_134703C",3,1,
1131,"134703c","SALK_134703C",0,1,
1132,"134703c","SALK_134703C",0,1,
1133,"134703c","SALK_134703C",0,1,
1134,"134703c","SALK_134703C",0,1,
1135,"134703c","SALK_134703C",0,1,
1136,"134703c","SALK_134703C",0,0,
1137,"033323c","SALK_033323C",0,1,
1138,"033323c","SALK_033323C",3,1,
1139,"033323c","SALK_033323C",0,1,
1140,"033323c","SALK_033323C",0,1,
1141,"033323c","SALK_033323C",0,1,
1142,"033323c","SALK_033323C",0,1,
1143,"033323c","SALK_033323C",0,1,
1144,"033323c","SALK_033323C",0,1,
1145,"033323c","SALK_033323C",0,1,
1146,"033323c","SALK_033323C",0,1,
1147,"011077c","SALK_011077C",0,1,
1148,"011077c","SALK_011077C",0,1,
1149,"011077c","SALK_011077C",0,1,
1150,"011077c","SALK_011077C",0,0,
1151,"011077c","SALK_011077C",0,1,
1152,"011077c","SALK_011077C",0,0,
1153,"011077c","SALK_011077C",3,1,
1154,"050488c","SALK_050488C",0,1,
1155,"050488c","SALK_050488C",3,1,
1156,"050488c","SALK_050488C",0,1,
1157,"050488c","SALK_050488C",0,1,
1158,"050488c","SALK_050488C",0,1,
1159,"050488c","SALK_050488C",0,0,
1160,"132285c","SALK_132285C",0,1,
1161,"132285c","SALK_132285C",0,1,
1162,"132285c","SALK_132285C",0,0,
1163,"132285c","SALK_132285C",0,1,
1164,"132285c","SALK_132285C",0,1,
1165,"132285c","SALK_132285C",0,1,
1166,"132285c","SALK_132285C",0,1,
1167,"132285c","SALK_132285C",0,1,
1168,"132285c","SALK_132285C",3,1,
1169,"132285c","SALK_132285C",0,1,
1170,"132285c","SALK_132285C",0,1,
1171,"132285c","SALK_132285C",0,1,
1172,"009120c","SALK_009120C",0,1,
1173,"009120c","SALK_009120C",0,1,
1174,"009120c","SALK_009120C",3,1,
1175,"009120c","SALK_009120C",0,1,
1176,"009120c","SALK_009120C",0,1,
1177,"009120c","SALK_009120C",0,1,
1178,"009120c","SALK_009120C",0,0,
1179,"009120c","SALK_009120C",0,1,
1180,"058993c","SALK_058993C",0,1,
1181,"058993c","SALK_058993C",0,1,
1182,"058993c","SALK_058993C",0,1,
1183,"058993c","SALK_058993C",0,1,
1184,"058993c","SALK_058993C",0,1,
1185,"058993c","SALK_058993C",0,1,"Wrote 050993C during transcription of data"
1186,"058993c","SALK_058993C",0,1,
1187,"058993c","SALK_058993C",0,1,
1188,"058993c","SALK_058993C",0,1,
1189,"135544c","SALK_135544C",3,1,
1190,"135544c","SALK_135544C",0,1,
1191,"135544c","SALK_135544C",0,1,
1192,"135544c","SALK_135544C",0,1,
1193,"135544c","SALK_135544C",0,1,
1194,"135544c","SALK_135544C",0,1,
1195,"135544c","SALK_135544C",0,1,
1196,"135544c","SALK_135544C",0,1,
1197,"033462c","SALK_033462C",0,1,
1198,"033462c","SALK_033462C",0,1,
1199,"033462c","SALK_033462C",0,1,
1200,"033462c","SALK_033462C",0,1,
1201,"033462c","SALK_033462C",0,1,
1202,"033462c","SALK_033462C",0,1,
1203,"033462c","SALK_033462C",3,1,
1204,"033462c","SALK_033462C",0,0,
1205,"033462c","SALK_033462C",0,1,
1206,"033462c","SALK_033462C",0,1,
1207,"033462c","SALK_033462C",0,1,
1208,"cs60000","CS60000",0,1,
1209,"cs60000","CS60000",0,1,
1210,"cs60000","CS60000",0,1,
1211,"cs60000","CS60000",0,1,
1212,"cs60000","CS60000",0,1,
1213,"cs60000","CS60000",0,1,
1214,"cs60000","CS60000",0,1,
1215,"cs60000","CS60000",0,1,
1216,"cs60000","CS60000",0,1,
1217,"cs60000","CS60000",0,1,
1218,"cs60000","CS60000",0,1,
1219,"cs60000","CS60000",0,1,
1220,"103724c","SALK_103724C",0,1,"somehow transcribed “105124”"
1221,"103724c","SALK_103724C",0,1,
1222,"103724c","SALK_103724C",0,1,
1223,"103724c","SALK_103724C",0,1,
1224,"103724c","SALK_103724C",3,1,
1225,"103724c","SALK_103724C",0,1,
1226,"103724c","SALK_103724C",0,1,
1227,"103724c","SALK_103724C",0,1,
1228,"103724c","SALK_103724C",0,1,
1229,"103724c","SALK_103724C",0,1,
1230,"103724c","SALK_103724C",0,1,
1231,"149402c","SALK_149402C",0,1,
1232,"149402c","SALK_149402C",3,1,
1233,"149402c","SALK_149402C",0,1,
1234,"149402c","SALK_149402C",0,1,
1235,"149402c","SALK_149402C",0,1,
1236,"149402c","SALK_149402C",0,1,
1237,"149402c","SALK_149402C",0,1,
1238,"cs60000","CS60000",0,1,
1239,"cs60000","CS60000",0,1,
1240,"cs60000","CS60000",0,1,
1241,"cs60000","CS60000",0,1,
1242,"cs60000","CS60000",0,1,
1243,"cs60000","CS60000",0,1,
1244,"cs60000","CS60000",0,1,
1245,"cs60000","CS60000",0,1,
1246,"cs60000","CS60000",0,1,
1247,"cs60000","CS60000",0,1,
1248,"030336c","SALK_030336C",0,1,
1249,"030336c","SALK_030336C",0,1,
1250,"030336c","SALK_030336C",4,1,
1251,"030336c","SALK_030336C",0,1,
1252,"030336c","SALK_030336C",0,1,
1253,"030336c","SALK_030336C",0,1,
1254,"030336c","SALK_030336C",0,1,
1255,"042624c","SALK_042624C",3,1,
1256,"042624c","SALK_042624C",0,1,
1257,"042624c","SALK_042624C",0,1,
1258,"042624c","SALK_042624C",0,0,
1259,"042624c","SALK_042624C",0,1,
1260,"042624c","SALK_042624C",0,1,
1261,"042624c","SALK_042624C",0,1,
1262,"042624c","SALK_042624C",0,1,
1263,"074379c","SALK_074379C",0,1,
1264,"074379c","SALK_074379C",0,1,
1265,"074379c","SALK_074379C",0,1,
1266,"074379c","SALK_074379C",0,1,
1267,"074379c","SALK_074379C",0,1,
1268,"074379c","SALK_074379C",0,1,
1269,"074379c","SALK_074379C",3,1,
1270,"072966c","SALK_072966C",0,1,
1271,"072966c","SALK_072966C",0,1,
1272,"072966c","SALK_072966C",0,1,
1273,"072966c","SALK_072966C",0,1,
1274,"072966c","SALK_072966C",0,0,
1275,"072966c","SALK_072966C",3,1,
1276,"040514c","SALK_040514C",3,1,
1277,"040514c","SALK_040514C",0,0,
1278,"040514c","SALK_040514C",0,1,
1279,"040514c","SALK_040514C",0,0,
1280,"040514c","SALK_040514C",0,0,
1281,"127828c","SALK_127828C",0,1,
1282,"142894c","SALK_142894C",0,1,
1283,"142894c","SALK_142894C",0,1,
1284,"142894c","SALK_142894C",3,1,
1285,"005336c","SALK_005336C",0,1,
1286,"005336c","SALK_005336C",4,1,
1287,"005336c","SALK_005336C",0,1,
1288,"005336c","SALK_005336C",0,1,
1289,"005336c","SALK_005336C",0,0,
1290,"005336c","SALK_005336C",0,1,
1291,"042704c","SALK_042704C",0,1,
1292,"042704c","SALK_042704C",0,0,
1293,"042704c","SALK_042704C",3,1,
1294,"042704c","SALK_042704C",0,1,
1295,"042704c","SALK_042704C",0,1,
1296,"069385c","SALK_069385C",0,1,
1297,"069385c","SALK_069385C",0,1,
1298,"069385c","SALK_069385C",0,1,
1299,"069385c","SALK_069385C",3,1,
1300,"069385c","SALK_069385C",0,0,
1301,"144264c","SALK_144264C",0,0,
1302,"144264c","SALK_144264C",0,1,
1303,"144264c","SALK_144264C",0,1,
1304,"144264c","SALK_144264C",0,1,
1305,"144264c","SALK_144264C",0,1,
1306,"144264c","SALK_144264C",0,1,
1307,"144264c","SALK_144264C",0,0,
1308,"144264c","SALK_144264C",0,1,
1309,"144264c","SALK_144264C",0,1,
1310,"144264c","SALK_144264C",3,1,
1311,"144264c","SALK_144264C",0,0,
1312,"144264c","SALK_144264C",0,0,
1313,"NOT-USED","NOT-USED",,,
1314,"NOT-USED","NOT-USED",,,
1315,"NOT-USED","NOT-USED",,,
1316,"NOT-USED","NOT-USED",,,
1317,"NOT-USED","NOT-USED",,,
1318,"NOT-USED","NOT-USED",,,
1319,"NOT-USED","NOT-USED",,,
1320,"NOT-USED","NOT-USED",,,
1321,"NOT-USED","NOT-USED",,,
1322,"NOT-USED","NOT-USED",,,
1323,"NOT-USED","NOT-USED",,,
1324,"NOT-USED","NOT-USED",,,
1325,"NOT-USED","NOT-USED",,,
1326,"NOT-USED","NOT-USED",,,
1327,"NOT-USED","NOT-USED",,,
1328,"NOT-USED","NOT-USED",,,
1329,"NOT-USED","NOT-USED",,,
1330,"NOT-USED","NOT-USED",,,
1331,"NOT-USED","NOT-USED",,,
1332,"NOT-USED","NOT-USED",,,
1333,"NOT-USED","NOT-USED",,,
1334,"019635c","SALK_019635C",3,1,
1335,"019635c","SALK_019635C",0,1,
1336,"019635c","SALK_019635C",0,1,
1337,"019635c","SALK_019635C",0,0,
1338,"019635c","SALK_019635C",0,1,
1339,"118043c","SALK_118043C",0,1,
1340,"118043c","SALK_118043C",0,1,
1341,"118043c","SALK_118043C",3,1,
1342,"063722c","SALK_063722C",3,1,
1343,"063722c","SALK_063722C",0,1,
1344,"063722c","SALK_063722C",0,1,
1345,"063722c","SALK_063722C",0,1,
1346,"063722c","SALK_063722C",0,1,
1347,"063722c","SALK_063722C",0,1,
1348,"063722c","SALK_063722C",0,1,
1349,"063722c","SALK_063722C",0,1,
1350,"063722c","SALK_063722C",0,1,
1351,"063722c","SALK_063722C",0,1,
1352,"063722c","SALK_063722C",0,1,
1353,"063722c","SALK_063722C",0,1,
1354,"072465c","SALK_072465C",0,1,
1355,"072465c","SALK_072465C",0,1,
1356,"072465c","SALK_072465C",0,1,
1357,"072465c","SALK_072465C",3,1,
1358,"072465c","SALK_072465C",0,1,
1359,"072465c","SALK_072465C",0,1,
1360,"072465c","SALK_072465C",0,1,
1361,"027691c","SALK_027691C",0,1,
1362,"027691c","SALK_027691C",0,1,
1363,"027691c","SALK_027691C",0,1,
1364,"027691c","SALK_027691C",0,1,
1365,"027691c","SALK_027691C",0,1,
1366,"027691c","SALK_027691C",0,1,
1367,"027691c","SALK_027691C",0,1,
1368,"027691c","SALK_027691C",0,1,
1369,"027691c","SALK_027691C",0,1,
1370,"027691c","SALK_027691C",0,1,
1371,"027691c","SALK_027691C",0,1,
1372,"061729c","SALK_061729C",4,1,
1373,"061729c","SALK_061729C",0,1,
1374,"061729c","SALK_061729C",0,1,
1375,"061729c","SALK_061729C",0,1,
1376,"045623c","SALK_045623C",0,1,
1377,"045623c","SALK_045623C",0,1,
1378,"045623c","SALK_045623C",0,1,
1379,"045623c","SALK_045623C",0,1,
1380,"045623c","SALK_045623C",0,1,
1381,"045623c","SALK_045623C",0,1,
1382,"045623c","SALK_045623C",0,1,
1383,"045623c","SALK_045623C",0,1,
1384,"045623c","SALK_045623C",0,1,
1385,"045623c","SALK_045623C",3,1,
1386,"NOT-USED","NOT-USED",,,
1387,"NOT-USED","NOT-USED",,,
1388,"NOT-USED","NOT-USED",,,
1389,"NOT-USED","NOT-USED",,,
1390,"NOT-USED","NOT-USED",,,
1391,"NOT-USED","NOT-USED",,,
1392,"NOT-USED","NOT-USED",,,
1393,"NOT-USED","NOT-USED",,,
1394,"NOT-USED","NOT-USED",,,
1395,"NOT-USED","NOT-USED",,,
1396,"NOT-USED","NOT-USED",,,
1397,"NOT-USED","NOT-USED",,,
1398,"NOT-USED","NOT-USED",,,
1399,"NOT-USED","NOT-USED",,,
1400,"NOT-USED","NOT-USED",,,
1401,"NOT-USED","NOT-USED",,,
1402,"NOT-USED","NOT-USED",,,
1403,"NOT-USED","NOT-USED",,,
1404,"NOT-USED","NOT-USED",,,
1405,"NOT-USED","NOT-USED",,,
1406,"NOT-USED","NOT-USED",,,
1407,"NOT-USED","NOT-USED",,,
1408,"NOT-USED","NOT-USED",,,
1409,"NOT-USED","NOT-USED",,,
1410,"NOT-USED","NOT-USED",,,
1411,"NOT-USED","NOT-USED",,,
1412,"NOT-USED","NOT-USED",,,
1413,"NOT-USED","NOT-USED",,,
1414,"NOT-USED","NOT-USED",,,
1415,"NOT-USED","NOT-USED",,,
1416,"NOT-USED","NOT-USED",,,
1417,"NOT-USED","NOT-USED",,,
1418,"NOT-USED","NOT-USED",,,
1419,"NOT-USED","NOT-USED",,,
1420,"NOT-USED","NOT-USED",,,
1421,"NOT-USED","NOT-USED",,,
1422,"NOT-USED","NOT-USED",,,
1423,"NOT-USED","NOT-USED",,,
1424,"NOT-USED","NOT-USED",,,
1425,"NOT-USED","NOT-USED",,,
1426,"NOT-USED","NOT-USED",,,
1427,"NOT-USED","NOT-USED",,,
1428,"NOT-USED","NOT-USED",,,
1429,"NOT-USED","NOT-USED",,,
1430,"NOT-USED","NOT-USED",,,
1431,"NOT-USED","NOT-USED",,,
1432,"NOT-USED","NOT-USED",,,
1433,"NOT-USED","NOT-USED",,,
1434,"NOT-USED","NOT-USED",,,
1435,"NOT-USED","NOT-USED",,,
1436,"NOT-USED","NOT-USED",,,
1437,"NOT-USED","NOT-USED",,,
1438,"NOT-USED","NOT-USED",,,
1439,"NOT-USED","NOT-USED",,,
1440,"NOT-USED","NOT-USED",,,
1441,"NOT-USED","NOT-USED",,,
1442,"NOT-USED","NOT-USED",,,
1443,"NOT-USED","NOT-USED",,,
1444,"NOT-USED","NOT-USED",,,
1445,"NOT-USED","NOT-USED",,,
1446,"NOT-USED","NOT-USED",,,
1447,"NOT-USED","NOT-USED",,,
1448,"NOT-USED","NOT-USED",,,
1449,"NOT-USED","NOT-USED",,,
1450,"NOT-USED","NOT-USED",,,
1451,"NOT-USED","NOT-USED",,,
1452,"NOT-USED","NOT-USED",,,
1453,"NOT-USED","NOT-USED",,,
1454,"NOT-USED","NOT-USED",,,
1455,"NOT-USED","NOT-USED",,,
1456,"NOT-USED","NOT-USED",,,
1457,"NOT-USED","NOT-USED",,,
1458,"NOT-USED","NOT-USED",,,
1459,"NOT-USED","NOT-USED",,,
1460,"NOT-USED","NOT-USED",,,
1461,"NOT-USED","NOT-USED",,,
1462,"NOT-USED","NOT-USED",,,
1463,"NOT-USED","NOT-USED",,,
1464,"NOT-USED","NOT-USED",,,
1465,"NOT-USED","NOT-USED",,,
1466,"NOT-USED","NOT-USED",,,
1467,"NOT-USED","NOT-USED",,,
1468,"NOT-USED","NOT-USED",,,
1469,"NOT-USED","NOT-USED",,,
1470,"NOT-USED","NOT-USED",,,
1471,"NOT-USED","NOT-USED",,,
1472,"NOT-USED","NOT-USED",,,
1473,"NOT-USED","NOT-USED",,,
1474,"NOT-USED","NOT-USED",,,
1475,"NOT-USED","NOT-USED",,,
1476,"NOT-USED","NOT-USED",,,
1477,"NOT-USED","NOT-USED",,,
1478,"NOT-USED","NOT-USED",,,
1479,"NOT-USED","NOT-USED",,,
1480,"NOT-USED","NOT-USED",,,
1481,"NOT-USED","NOT-USED",,,
1482,"NOT-USED","NOT-USED",,,
1483,"NOT-USED","NOT-USED",,,
1484,"NOT-USED","NOT-USED",,,
1485,"NOT-USED","NOT-USED",,,
1486,"NOT-USED","NOT-USED",,,
1487,"NOT-USED","NOT-USED",,,
1488,"NOT-USED","NOT-USED",,,
1489,"NOT-USED","NOT-USED",,,
1490,"NOT-USED","NOT-USED",,,
1491,"NOT-USED","NOT-USED",,,
1492,"NOT-USED","NOT-USED",,,
1493,"NOT-USED","NOT-USED",,,
1494,"NOT-USED","NOT-USED",,,
1495,"NOT-USED","NOT-USED",,,
1496,"NOT-USED","NOT-USED",,,
1497,"NOT-USED","NOT-USED",,,
1498,"NOT-USED","NOT-USED",,,
1499,"NOT-USED","NOT-USED",,,
1500,"NOT-USED","NOT-USED",,,
